EmployeeID,LastName,FirstName,Title,Address,City,Region,Country
1,Davolio,Nancy,Sales Representative,507 - 20th Ave. E. Apt. 2A,Seattle,WA,USA
2,Fuller,Andrew,"Vice President, Sales",908 W. Capital Way,Tacoma,WA,USA
3,Leverling,Janet,Sales Representative,722 Moss Bay Blvd.,Kirkland,WA,USA
4,Peacock,Margaret,Sales Representative,4110 Old Redmond Rd.,Redmond,WA,USA
5,Buchanan,Steven,Sales Manager,14 Garrett Hill,London,,UK
6,Suyama,Michael,Sales Representative,Coventry House Miner Rd.,London,,UK
7,King,Robert,Sales Representative,Edgeham Hollow Winchester Way,London,,UK
8,Callahan,Laura,Inside Sales Coordinator,4726 - 11th Ave. N.E.,Seattle,WA,USA
9,Dodsworth,Anne,Sales Representative,7 Houndstooth Rd.,London,,UK
